City,State
New York,NY
Los Angeles,CA
Chicago,IL
Dallas,TX
Houston,TX
Washington,DC
Philadelphia,PA
Atlanta,GA
Miami,FL
Phoenix,AZ
Boston,MA
Riverside,CA
San Francisco,CA
Detroit,MI
Seattle,WA
Minneapolis,MN
Tampa,FL
San Diego,CA
Denver,CO
Baltimore,MD
St. Louis,MO
Orlando,FL
Charlotte,NC
San Antonio,TX
Portland,OR
Sacramento,CA
Pittsburgh,PA
Austin,TX
Las Vegas,NV
Cincinnati,OH
Kansas City,MO
Columbus,OH
Indianapolis,IN
Cleveland,OH
San Jose,CA
Nashville,TN
Virginia Beach,VA
Providence,RI
Jacksonville,FL
Milwaukee,WI
Oklahoma City,OK
Raleigh,NC
Memphis,TN
Richmond,VA
Louisville,KY
New Orleans,LA
Salt Lake City,UT
Hartford,CT
Buffalo,NY
Birmingham,AL
